,GRUPA,TEMATY
,Ministerstwo Finansów,Ministerstwo Finansów
,Ministerstwo Finansów,Minister Finansów
,Ministerstwo Finansów,Rzecznik Prasowy MF
,Ministerstwo Finansów,Generalny Inspektor Informacji Finansowej (GIIF)
,Ministerstwo Finansów,Wiceminister finansów
,Finanse Publiczne,Budżet państwa
,Finanse Publiczne,Dług publiczny
,Finanse Publiczne,Stabilizująca Reguła Wydatków (SRW)
,Finanse Publiczne,Obligacje skarbowe
,Finanse Publiczne,Deficyt budżetowy
,Finanse Publiczne,Wieloletni Plan Finansowy Państwa
,Finanse Publiczne,Gwarancje i Finansowanie
,Finanse Publiczne,Gry Hazardowe
,Podatki i cło,"Podatki, cło"
,Podatki i cło,PIT
,Podatki i cło,CIT
,Podatki i cło,Akcyza 
,Podatki i cło,VAT
,Administracja Skarbowa,Krajowa Administracja Skarbowa
,Administracja Skarbowa,Szef Krajowej Administracji Skarbowej
,Administracja Skarbowa,Rzecznik prasowy Szefa KAS
,Administracja Skarbowa,Izba Administracji Skarbowej
,Administracja Skarbowa,Urząd Skarbowy
,Administracja Skarbowa,Służba Celno-Skarbowa
,Administracja Skarbowa,Funkcjonariusze Celno-Skarbowi
,Administracja Skarbowa,Krajowa Informacja Skarbowa
,Administracja Skarbowa,Krajowa Szkoła Skarbowości
,Projekty Ministar Finansów,Polski Ład
,Projekty Ministar Finansów,Twój e-Pit
,Projekty Ministar Finansów,e-Urząd Skarbowy
,Projekty Ministar Finansów,Slim VAT
,Projekty Ministar Finansów,Aktualizacja Programu Konwergencji
,Projekty Ministar Finansów,Podatek Reklamowy
,Projekty Ministar Finansów,Estoński CIT
,Projekty Ministar Finansów,Strategia Rozwoju Rynku Kapitałowego
,Projekty Ministar Finansów,Głos Podatnika
,Projekty Ministar Finansów,Finansoaktywni
,Projekty Ministar Finansów,Polska Agencja Nadzoru Audytowego
,Projekty Ministar Finansów,Centralny Rejestr Beneficjentów Rzeczywistych
,Projekty Ministar Finansów,Wakacje Kredytowe
,Instytucje Finansowe,Naodowy Bank Polski
,Instytucje Finansowe,Rada Polityki Pieniężnej
,Instytucje Finansowe,Międzynarodowy Fundusz Walutowy
,Instytucje Finansowe,Komisja Nadzoru Finansowego
,Przedstawiciele MF,Magdalena Rzeczkowska
,Przedstawiciele MF,Anna Chałupa
,Przedstawiciele MF,Piotr Patkowski
,Przedstawiciele MF,Sebastian Skuza
,Przedstawiciele MF,Łukasz Czernicki
,Przedstawiciele MF,Katarzyna Szwarc
,Przedstawiciele MF,Mariusz Gojny
,Przedstawiciele MF,Artur Soboń
,Przedstawiciele MF,Katarzyna Szweda
,Przedstawiciele MF,Bartosz Zbaraszczuk
,Przedstawiciele MF,Justyna Pasieczyńska
,Przedstawiciele MF,Patrycja Dudek
,System Poboru Opłat,Viatoll
,System Poboru Opłat,e-Toll
,System Poboru Opłat,e-myto
,Krajowy Plan Odbudowy,KPO